driver_id,first,last,phone,office_id
DRV5000,Sipho,Nkosi,061-448-4156,NDK-JHB
DRV5001,Lerato,Nkosi,075-997-5220,NDK-JHB
DRV5002,Sipho,Mabena,079-963-8239,NDK-JHB
DRV5003,Sibusiso,Dlamini,063-536-8163,NDK-JHB
DRV5004,Karabo,Mabena,086-156-5713,NDK-JHB
DRV5005,Thandi,Khumalo,082-288-8493,NDK-JHB
DRV5006,Karabo,Mokoena,070-251-2048,NDK-JHB
DRV5007,Sipho,Mahlangu,079-274-4756,NDK-JHB
DRV5008,Thabo,Mahlangu,064-233-8030,NDK-JHB
DRV5009,Thabo,Sithole,080-514-6728,NDK-JHB
DRV5010,Ayanda,Mahlangu,075-308-2145,NDK-JHB
DRV5011,Kagiso,Radebe,060-724-1321,NDK-JHB
DRV5012,Thandi,Dlamini,080-587-4500,NDK-JHB
DRV5013,Sibusiso,Mahlangu,073-870-2241,NDK-JHB
DRV5014,Lerato,Khumalo,085-827-4452,NDK-JHB
DRV5015,Thabo,Radebe,071-790-7788,NDK-JHB
DRV5016,Naledi,Mahlangu,080-680-9779,NDK-JHB
DRV5017,Naledi,Mokoena,072-750-2525,NDK-JHB
DRV5018,Kagiso,Mahlangu,081-870-4604,NDK-JHB
DRV5019,Lerato,Khumalo,070-127-6712,NDK-JHB
DRV5020,Lerato,Khumalo,069-724-6094,NDK-JHB
DRV5021,Karabo,Radebe,083-720-6773,NDK-JHB
DRV5022,Thabo,Mahlangu,083-893-5234,NDK-JHB
DRV5023,Karabo,Khumalo,074-617-4123,NDK-JHB
DRV5024,Lerato,Moyo,060-852-1656,NDK-JHB
DRV5025,Thandi,Radebe,067-757-1622,NDK-JHB
DRV5026,Sipho,Sithole,063-455-9943,NDK-JHB
DRV5027,Mpho,Radebe,066-340-8502,NDK-JHB
DRV5028,Naledi,Mabena,076-524-1416,NDK-JHB
DRV5029,Sibusiso,Sithole,087-961-9627,NDK-JHB
DRV5030,Naledi,Nkosi,073-447-8020,NDK-JHB
DRV5031,Karabo,Mokoena,087-523-5193,NDK-JHB
DRV5032,Sibusiso,Mabena,069-330-3219,NDK-JHB
DRV5033,Sibusiso,Mabena,079-833-7653,NDK-JHB
DRV5034,Thandi,Radebe,087-266-1473,NDK-JHB
DRV5035,Sibusiso,Mokoena,085-463-2622,NDK-JHB
DRV5036,Sipho,Mahlangu,084-480-7209,NDK-JHB
DRV5037,Mpho,Dlamini,071-285-4217,NDK-JHB
DRV5038,Kagiso,Mabena,086-618-6313,NDK-JHB
DRV5039,Naledi,Sithole,062-542-4503,NDK-JHB
DRV5040,Lerato,Mabena,082-176-6443,NDK-JHB
DRV5041,Naledi,Moyo,087-250-8794,NDK-JHB
DRV5042,Sipho,Sithole,077-760-3918,NDK-JHB
DRV5043,Thandi,Moyo,088-753-3380,NDK-JHB
DRV5044,Ayanda,Nkosi,075-917-8884,NDK-JHB
DRV5045,Sipho,Sithole,067-169-3071,NDK-JHB
DRV5046,Lerato,Mabena,087-853-8088,NDK-JHB
DRV5047,Sibusiso,Mabena,079-240-2141,NDK-JHB
DRV5048,Sibusiso,Dlamini,061-939-6305,NDK-JHB
DRV5049,Naledi,Mabena,061-914-1911,NDK-JHB
DRV5050,Naledi,Nkosi,075-766-6225,NDK-JHB
DRV5051,Thabo,Sithole,073-706-2239,NDK-JHB
DRV5052,Thandi,Sithole,062-983-7395,NDK-JHB
DRV5053,Naledi,Nkosi,079-469-1953,NDK-JHB
DRV5054,Sipho,Molefe,087-713-3842,NDK-JHB
DRV5055,Lerato,Sithole,060-670-1998,NDK-JHB
DRV5056,Thabo,Mahlangu,086-967-3941,NDK-JHB
DRV5057,Kagiso,Khumalo,083-579-8920,NDK-JHB
DRV5058,Kagiso,Sithole,062-243-3113,NDK-JHB
DRV5059,Thandi,Nkosi,064-312-5482,NDK-JHB
DRV5060,Kagiso,Dlamini,088-992-7795,NDK-PTA
DRV5061,Mpho,Dlamini,087-572-1762,NDK-PTA
DRV5062,Naledi,Nkosi,088-819-5820,NDK-PTA
DRV5063,Lerato,Dlamini,072-477-8279,NDK-PTA
DRV5064,Sibusiso,Nkosi,077-250-9955,NDK-PTA
DRV5065,Sibusiso,Dlamini,069-582-6648,NDK-PTA
DRV5066,Karabo,Molefe,061-904-2354,NDK-PTA
DRV5067,Thandi,Mokoena,080-296-5257,NDK-PTA
DRV5068,Karabo,Radebe,077-349-2508,NDK-PTA
DRV5069,Sipho,Moyo,086-195-4465,NDK-PTA
DRV5070,Sibusiso,Mahlangu,066-176-6095,NDK-PTA
DRV5071,Thandi,Mabena,062-952-4886,NDK-PTA
DRV5072,Thandi,Khumalo,068-536-6135,NDK-PTA
DRV5073,Mpho,Mahlangu,083-311-5134,NDK-PTA
DRV5074,Sibusiso,Mabena,086-980-9537,NDK-PTA
DRV5075,Thabo,Nkosi,078-625-7582,NDK-PTA
DRV5076,Sibusiso,Mahlangu,079-139-4049,NDK-PTA
DRV5077,Karabo,Radebe,085-642-6766,NDK-PTA
DRV5078,Ayanda,Nkosi,060-684-8097,NDK-PTA
DRV5079,Ayanda,Molefe,087-225-2749,NDK-PTA
DRV5080,Thandi,Sithole,061-307-3565,NDK-PTA
DRV5081,Naledi,Moyo,072-531-5470,NDK-PTA
DRV5082,Thandi,Molefe,078-712-1886,NDK-PTA
DRV5083,Thabo,Radebe,068-802-5983,NDK-PTA
DRV5084,Thandi,Dlamini,086-648-5393,NDK-PTA
DRV5085,Thandi,Sithole,069-864-7354,NDK-PTA
DRV5086,Thabo,Nkosi,070-271-9195,NDK-PTA
DRV5087,Thandi,Mokoena,086-776-3233,NDK-PTA
DRV5088,Thandi,Molefe,088-977-8042,NDK-PTA
DRV5089,Kagiso,Khumalo,070-970-7127,NDK-PTA
DRV5090,Karabo,Sithole,064-861-3924,NDK-PTA
DRV5091,Mpho,Dlamini,075-177-2023,NDK-PTA
DRV5092,Naledi,Moyo,066-973-7999,NDK-PTA
DRV5093,Kagiso,Nkosi,062-286-4574,NDK-PTA
DRV5094,Thabo,Dlamini,078-837-4970,NDK-PTA
DRV5095,Lerato,Khumalo,082-117-2374,NDK-PTA
DRV5096,Kagiso,Molefe,074-402-9313,NDK-PTA
DRV5097,Naledi,Dlamini,076-752-7289,NDK-PTA
DRV5098,Sipho,Molefe,071-441-9740,NDK-PTA
DRV5099,Naledi,Khumalo,072-494-6260,NDK-PTA
DRV5100,Naledi,Sithole,082-711-6687,NDK-PTA
DRV5101,Thabo,Molefe,078-996-6965,NDK-PTA
DRV5102,Sibusiso,Dlamini,061-744-4440,NDK-PTA
DRV5103,Lerato,Dlamini,066-254-1158,NDK-PTA
DRV5104,Lerato,Mabena,068-819-3303,NDK-PTA
DRV5105,Karabo,Radebe,084-209-3181,NDK-PTA
DRV5106,Thandi,Mabena,081-614-1522,NDK-PTA
DRV5107,Sibusiso,Mahlangu,080-330-6481,NDK-PTA
DRV5108,Sibusiso,Sithole,083-786-3339,NDK-PTA
DRV5109,Sipho,Moyo,087-542-8686,NDK-PTA
DRV5110,Sipho,Moyo,060-779-5822,NDK-PTA
DRV5111,Mpho,Dlamini,066-244-7931,NDK-PTA
DRV5112,Thandi,Mokoena,088-585-6314,NDK-PTA
DRV5113,Sipho,Khumalo,084-398-4102,NDK-PTA
DRV5114,Mpho,Nkosi,068-735-2468,NDK-PTA
DRV5115,Kagiso,Mabena,082-187-9072,NDK-PTA
DRV5116,Karabo,Khumalo,080-215-2942,NDK-PTA
DRV5117,Mpho,Sithole,087-721-3748,NDK-PTA
DRV5118,Karabo,Khumalo,079-114-4121,NDK-PTA
DRV5119,Sibusiso,Mokoena,084-855-4318,NDK-PTA
DRV5120,Karabo,Khumalo,086-134-2684,NDK-DBN
DRV5121,Thandi,Radebe,086-459-5019,NDK-DBN
DRV5122,Lerato,Mokoena,071-825-1708,NDK-DBN
DRV5123,Mpho,Radebe,060-268-9091,NDK-DBN
DRV5124,Thandi,Mahlangu,062-707-3876,NDK-DBN
DRV5125,Karabo,Radebe,077-457-8819,NDK-DBN
DRV5126,Thabo,Moyo,081-361-6204,NDK-DBN
DRV5127,Sipho,Radebe,078-189-2026,NDK-DBN
DRV5128,Sibusiso,Sithole,073-409-7977,NDK-DBN
DRV5129,Sipho,Mahlangu,070-236-5520,NDK-DBN
DRV5130,Karabo,Dlamini,077-436-5564,NDK-DBN
DRV5131,Kagiso,Radebe,070-908-7322,NDK-DBN
DRV5132,Sipho,Mokoena,080-326-9929,NDK-DBN
DRV5133,Ayanda,Sithole,086-987-7274,NDK-DBN
DRV5134,Ayanda,Radebe,079-212-6492,NDK-DBN
DRV5135,Mpho,Mabena,081-571-1432,NDK-DBN
DRV5136,Kagiso,Khumalo,088-687-6176,NDK-DBN
DRV5137,Thandi,Mahlangu,083-650-6719,NDK-DBN
DRV5138,Lerato,Khumalo,067-982-9673,NDK-DBN
DRV5139,Sibusiso,Dlamini,066-179-5288,NDK-DBN
DRV5140,Kagiso,Nkosi,081-497-1781,NDK-DBN
DRV5141,Mpho,Sithole,082-469-9181,NDK-DBN
DRV5142,Lerato,Dlamini,086-550-7597,NDK-DBN
DRV5143,Karabo,Molefe,086-144-3294,NDK-DBN
DRV5144,Karabo,Sithole,070-318-5060,NDK-DBN
DRV5145,Thandi,Mahlangu,070-421-7347,NDK-DBN
DRV5146,Naledi,Mabena,084-931-7743,NDK-DBN
DRV5147,Lerato,Moyo,086-123-1657,NDK-DBN
DRV5148,Naledi,Radebe,067-120-1725,NDK-DBN
DRV5149,Sipho,Sithole,078-677-2744,NDK-DBN
DRV5150,Karabo,Moyo,067-214-9246,NDK-DBN
DRV5151,Sibusiso,Radebe,063-173-4981,NDK-DBN
DRV5152,Sipho,Khumalo,073-878-9792,NDK-DBN
DRV5153,Lerato,Mokoena,070-711-4577,NDK-DBN
DRV5154,Sipho,Radebe,084-258-5421,NDK-DBN
DRV5155,Lerato,Dlamini,064-950-8082,NDK-DBN
DRV5156,Kagiso,Mokoena,071-291-7455,NDK-DBN
DRV5157,Thandi,Dlamini,063-569-2005,NDK-DBN
DRV5158,Kagiso,Molefe,073-169-7922,NDK-DBN
DRV5159,Sipho,Mokoena,082-166-4982,NDK-DBN
DRV5160,Thabo,Mahlangu,066-231-8947,NDK-DBN
DRV5161,Ayanda,Dlamini,084-195-8322,NDK-DBN
DRV5162,Mpho,Mokoena,077-875-1282,NDK-DBN
DRV5163,Sibusiso,Khumalo,074-297-1634,NDK-DBN
DRV5164,Thandi,Mahlangu,078-312-9564,NDK-DBN
DRV5165,Ayanda,Radebe,083-634-5071,NDK-DBN
DRV5166,Mpho,Molefe,073-586-5669,NDK-DBN
DRV5167,Thabo,Moyo,068-386-6482,NDK-DBN
DRV5168,Kagiso,Sithole,062-978-4412,NDK-DBN
DRV5169,Karabo,Khumalo,079-872-6654,NDK-DBN
DRV5170,Mpho,Mokoena,065-161-2158,NDK-DBN
DRV5171,Sipho,Nkosi,074-801-3344,NDK-DBN
DRV5172,Sibusiso,Mahlangu,073-434-4970,NDK-DBN
DRV5173,Naledi,Moyo,081-106-7144,NDK-DBN
DRV5174,Naledi,Khumalo,065-931-1029,NDK-DBN
DRV5175,Thabo,Sithole,062-945-9498,NDK-DBN
DRV5176,Sipho,Khumalo,064-728-4370,NDK-DBN
DRV5177,Thandi,Mahlangu,083-378-1951,NDK-DBN
DRV5178,Sipho,Nkosi,086-936-9019,NDK-DBN
DRV5179,Thandi,Mokoena,068-863-6464,NDK-DBN
DRV5180,Sibusiso,Mabena,079-190-7434,NDK-CPT
DRV5181,Sipho,Mahlangu,075-940-2372,NDK-CPT
DRV5182,Mpho,Mokoena,076-217-4631,NDK-CPT
DRV5183,Sibusiso,Sithole,072-309-8719,NDK-CPT
DRV5184,Thabo,Dlamini,061-750-5301,NDK-CPT
DRV5185,Lerato,Mokoena,079-115-5970,NDK-CPT
DRV5186,Sibusiso,Moyo,078-620-7428,NDK-CPT
DRV5187,Thandi,Dlamini,068-350-7529,NDK-CPT
DRV5188,Thabo,Mahlangu,067-923-8203,NDK-CPT
DRV5189,Thabo,Sithole,080-890-9291,NDK-CPT
DRV5190,Mpho,Mabena,087-994-8512,NDK-CPT
DRV5191,Karabo,Mahlangu,063-364-4131,NDK-CPT
DRV5192,Mpho,Mahlangu,082-365-9099,NDK-CPT
DRV5193,Kagiso,Mahlangu,068-993-9256,NDK-CPT
DRV5194,Thandi,Dlamini,068-638-8838,NDK-CPT
DRV5195,Thabo,Mahlangu,062-910-3329,NDK-CPT
DRV5196,Mpho,Mahlangu,073-725-8409,NDK-CPT
DRV5197,Mpho,Radebe,083-247-7451,NDK-CPT
DRV5198,Lerato,Khumalo,069-537-9268,NDK-CPT
DRV5199,Thabo,Mokoena,077-256-9988,NDK-CPT
DRV5200,Karabo,Moyo,068-281-6429,NDK-CPT
DRV5201,Kagiso,Moyo,071-547-9942,NDK-CPT
DRV5202,Sipho,Nkosi,081-833-3560,NDK-CPT
DRV5203,Sibusiso,Moyo,080-864-6806,NDK-CPT
DRV5204,Sipho,Molefe,087-171-7661,NDK-CPT
DRV5205,Kagiso,Radebe,066-959-3996,NDK-CPT
DRV5206,Thabo,Dlamini,065-882-1747,NDK-CPT
DRV5207,Sibusiso,Radebe,085-138-4118,NDK-CPT
DRV5208,Karabo,Moyo,064-678-2596,NDK-CPT
DRV5209,Naledi,Nkosi,077-533-9988,NDK-CPT
DRV5210,Lerato,Sithole,083-565-8760,NDK-CPT
DRV5211,Ayanda,Mokoena,067-515-4380,NDK-CPT
DRV5212,Thandi,Sithole,063-937-8036,NDK-CPT
DRV5213,Thandi,Dlamini,081-456-2481,NDK-CPT
DRV5214,Karabo,Moyo,069-895-2258,NDK-CPT
DRV5215,Thabo,Radebe,067-456-3409,NDK-CPT
DRV5216,Sibusiso,Dlamini,070-700-7417,NDK-CPT
DRV5217,Sibusiso,Khumalo,062-965-7796,NDK-CPT
DRV5218,Mpho,Mokoena,073-198-5466,NDK-CPT
DRV5219,Thabo,Sithole,075-213-3716,NDK-CPT
DRV5220,Thandi,Sithole,074-385-3261,NDK-CPT
DRV5221,Sibusiso,Molefe,065-106-5069,NDK-CPT
DRV5222,Sibusiso,Mahlangu,060-583-9445,NDK-CPT
DRV5223,Naledi,Sithole,066-930-3470,NDK-CPT
DRV5224,Naledi,Radebe,083-731-2703,NDK-CPT
DRV5225,Thabo,Nkosi,063-564-6576,NDK-CPT
DRV5226,Thandi,Mahlangu,084-862-3345,NDK-CPT
DRV5227,Naledi,Mahlangu,065-137-5060,NDK-CPT
DRV5228,Karabo,Radebe,085-309-3266,NDK-CPT
DRV5229,Kagiso,Molefe,062-215-1458,NDK-CPT
DRV5230,Thandi,Dlamini,063-299-5059,NDK-CPT
DRV5231,Thandi,Mahlangu,084-329-6568,NDK-CPT
DRV5232,Thandi,Mabena,087-872-8275,NDK-CPT
DRV5233,Sibusiso,Moyo,064-501-9726,NDK-CPT
DRV5234,Naledi,Mokoena,062-180-5425,NDK-CPT
DRV5235,Karabo,Radebe,068-257-5051,NDK-CPT
DRV5236,Naledi,Mabena,081-853-7270,NDK-CPT
DRV5237,Mpho,Sithole,077-553-8077,NDK-CPT
DRV5238,Thandi,Molefe,080-765-2570,NDK-CPT
DRV5239,Naledi,Nkosi,075-815-3434,NDK-CPT
DRV5240,Sibusiso,Molefe,067-720-2605,NDK-PLK
DRV5241,Naledi,Mabena,062-853-4944,NDK-PLK
DRV5242,Mpho,Sithole,077-475-1456,NDK-PLK
DRV5243,Sipho,Molefe,063-821-5283,NDK-PLK
DRV5244,Sibusiso,Khumalo,078-881-6953,NDK-PLK
DRV5245,Karabo,Dlamini,072-174-8524,NDK-PLK
DRV5246,Mpho,Mabena,076-992-9239,NDK-PLK
DRV5247,Sipho,Mabena,069-739-5443,NDK-PLK
DRV5248,Naledi,Radebe,080-828-4276,NDK-PLK
DRV5249,Naledi,Mokoena,079-394-2598,NDK-PLK
DRV5250,Naledi,Sithole,061-778-9199,NDK-PLK
DRV5251,Thabo,Nkosi,078-927-7774,NDK-PLK
DRV5252,Karabo,Mabena,083-834-4174,NDK-PLK
DRV5253,Naledi,Radebe,063-407-5133,NDK-PLK
DRV5254,Naledi,Dlamini,074-868-9120,NDK-PLK
DRV5255,Ayanda,Khumalo,060-871-2142,NDK-PLK
DRV5256,Mpho,Radebe,077-854-2053,NDK-PLK
DRV5257,Mpho,Khumalo,076-234-3586,NDK-PLK
DRV5258,Sibusiso,Sithole,068-506-8249,NDK-PLK
DRV5259,Thabo,Mokoena,088-288-8250,NDK-PLK
DRV5260,Sipho,Sithole,068-173-1169,NDK-PLK
DRV5261,Naledi,Radebe,087-283-5113,NDK-PLK
DRV5262,Sibusiso,Khumalo,068-182-4737,NDK-PLK
DRV5263,Karabo,Radebe,060-160-7719,NDK-PLK
DRV5264,Sipho,Dlamini,070-664-7213,NDK-PLK
DRV5265,Lerato,Mahlangu,063-892-7220,NDK-PLK
DRV5266,Sibusiso,Sithole,087-298-5484,NDK-PLK
DRV5267,Lerato,Moyo,072-879-7704,NDK-PLK
DRV5268,Karabo,Mokoena,065-408-5529,NDK-PLK
DRV5269,Lerato,Radebe,083-840-3447,NDK-PLK
DRV5270,Karabo,Mabena,078-137-7870,NDK-PLK
DRV5271,Mpho,Sithole,061-986-6237,NDK-PLK
DRV5272,Sibusiso,Molefe,063-904-1041,NDK-PLK
DRV5273,Thabo,Moyo,085-373-7154,NDK-PLK
DRV5274,Ayanda,Mabena,082-813-1400,NDK-PLK
DRV5275,Karabo,Khumalo,073-564-9517,NDK-PLK
DRV5276,Sibusiso,Nkosi,063-735-8990,NDK-PLK
DRV5277,Mpho,Nkosi,075-932-5851,NDK-PLK
DRV5278,Thabo,Moyo,073-583-9426,NDK-PLK
DRV5279,Mpho,Mabena,087-384-9112,NDK-PLK
DRV5280,Thandi,Sithole,088-200-9122,NDK-PLK
DRV5281,Karabo,Sithole,071-620-2705,NDK-PLK
DRV5282,Lerato,Dlamini,073-765-2487,NDK-PLK
DRV5283,Sibusiso,Moyo,067-958-7783,NDK-PLK
DRV5284,Ayanda,Mokoena,068-920-9244,NDK-PLK
DRV5285,Sibusiso,Nkosi,081-930-7729,NDK-PLK
DRV5286,Thandi,Radebe,082-552-2072,NDK-PLK
DRV5287,Lerato,Dlamini,064-560-3603,NDK-PLK
DRV5288,Karabo,Radebe,062-348-8984,NDK-PLK
DRV5289,Thabo,Sithole,061-247-5609,NDK-PLK
DRV5290,Sipho,Mahlangu,083-693-4337,NDK-PLK
DRV5291,Mpho,Radebe,071-994-2345,NDK-PLK
DRV5292,Lerato,Molefe,064-860-5954,NDK-PLK
DRV5293,Lerato,Mokoena,073-686-6074,NDK-PLK
DRV5294,Mpho,Moyo,072-704-5269,NDK-PLK
DRV5295,Naledi,Dlamini,078-892-7839,NDK-PLK
DRV5296,Naledi,Nkosi,076-977-5557,NDK-PLK
DRV5297,Karabo,Molefe,079-392-6370,NDK-PLK
DRV5298,Sibusiso,Radebe,065-608-5043,NDK-PLK
DRV5299,Sibusiso,Radebe,085-220-5442,NDK-PLK
DRV5300,Lerato,Radebe,074-957-5773,NDK-BFN
DRV5301,Mpho,Dlamini,083-190-9322,NDK-BFN
DRV5302,Sipho,Mabena,074-739-1529,NDK-BFN
DRV5303,Mpho,Moyo,071-743-1529,NDK-BFN
DRV5304,Kagiso,Mahlangu,080-954-5814,NDK-BFN
DRV5305,Kagiso,Sithole,082-316-4853,NDK-BFN
DRV5306,Sibusiso,Molefe,080-166-7038,NDK-BFN
DRV5307,Thandi,Moyo,074-348-5518,NDK-BFN
DRV5308,Thandi,Radebe,080-800-6438,NDK-BFN
DRV5309,Sipho,Sithole,082-244-8369,NDK-BFN
DRV5310,Sibusiso,Dlamini,077-798-4635,NDK-BFN
DRV5311,Sipho,Mabena,082-447-2136,NDK-BFN
DRV5312,Lerato,Moyo,069-719-4787,NDK-BFN
DRV5313,Lerato,Molefe,061-920-3726,NDK-BFN
DRV5314,Sipho,Mahlangu,084-748-1536,NDK-BFN
DRV5315,Karabo,Sithole,068-379-7286,NDK-BFN
DRV5316,Sipho,Molefe,082-449-3568,NDK-BFN
DRV5317,Karabo,Khumalo,082-733-7142,NDK-BFN
DRV5318,Ayanda,Moyo,087-957-7026,NDK-BFN
DRV5319,Lerato,Khumalo,074-574-4595,NDK-BFN
DRV5320,Thandi,Mahlangu,088-537-5837,NDK-BFN
DRV5321,Thandi,Nkosi,063-824-5586,NDK-BFN
DRV5322,Naledi,Moyo,065-532-4048,NDK-BFN
DRV5323,Sipho,Nkosi,060-622-2700,NDK-BFN
DRV5324,Thandi,Dlamini,082-833-1324,NDK-BFN
DRV5325,Kagiso,Nkosi,077-114-8103,NDK-BFN
DRV5326,Sipho,Molefe,088-925-2015,NDK-BFN
DRV5327,Thandi,Khumalo,061-600-8674,NDK-BFN
DRV5328,Naledi,Mabena,075-153-1975,NDK-BFN
DRV5329,Kagiso,Dlamini,074-262-1013,NDK-BFN
DRV5330,Naledi,Molefe,081-703-3529,NDK-BFN
DRV5331,Lerato,Mahlangu,068-271-3905,NDK-BFN
DRV5332,Thabo,Nkosi,070-378-2095,NDK-BFN
DRV5333,Thandi,Moyo,060-679-8731,NDK-BFN
DRV5334,Karabo,Mabena,074-446-3380,NDK-BFN
DRV5335,Karabo,Dlamini,077-783-2327,NDK-BFN
DRV5336,Sipho,Khumalo,077-760-5416,NDK-BFN
DRV5337,Lerato,Khumalo,080-126-8071,NDK-BFN
DRV5338,Thandi,Molefe,084-602-8544,NDK-BFN
DRV5339,Thabo,Mokoena,079-605-3240,NDK-BFN
DRV5340,Naledi,Dlamini,079-551-9593,NDK-BFN
DRV5341,Thabo,Mahlangu,066-243-6073,NDK-BFN
DRV5342,Karabo,Khumalo,060-319-8075,NDK-BFN
DRV5343,Karabo,Radebe,077-766-2706,NDK-BFN
DRV5344,Thandi,Khumalo,065-889-6280,NDK-BFN
DRV5345,Kagiso,Nkosi,071-450-6857,NDK-BFN
DRV5346,Thandi,Dlamini,068-899-9137,NDK-BFN
DRV5347,Naledi,Nkosi,065-311-2306,NDK-BFN
DRV5348,Sipho,Nkosi,072-808-6290,NDK-BFN
DRV5349,Ayanda,Dlamini,061-574-7194,NDK-BFN
DRV5350,Thabo,Dlamini,073-293-7649,NDK-BFN
DRV5351,Mpho,Nkosi,081-198-6805,NDK-BFN
DRV5352,Ayanda,Nkosi,075-682-1266,NDK-BFN
DRV5353,Mpho,Nkosi,087-775-4318,NDK-BFN
DRV5354,Ayanda,Mokoena,067-254-8595,NDK-BFN
DRV5355,Mpho,Molefe,086-913-1710,NDK-BFN
DRV5356,Ayanda,Khumalo,074-725-4970,NDK-BFN
DRV5357,Lerato,Nkosi,073-361-4711,NDK-BFN
DRV5358,Kagiso,Dlamini,086-292-2218,NDK-BFN
DRV5359,Karabo,Mahlangu,080-997-1870,NDK-BFN
DRV5360,Sibusiso,Nkosi,068-139-6773,NDK-RST
DRV5361,Lerato,Sithole,069-706-2664,NDK-RST
DRV5362,Karabo,Dlamini,068-120-4921,NDK-RST
DRV5363,Sibusiso,Radebe,078-979-9503,NDK-RST
DRV5364,Thabo,Mahlangu,071-589-8172,NDK-RST
DRV5365,Kagiso,Nkosi,084-675-4146,NDK-RST
DRV5366,Sipho,Molefe,078-612-5352,NDK-RST
DRV5367,Mpho,Molefe,078-417-8820,NDK-RST
DRV5368,Kagiso,Molefe,080-157-8296,NDK-RST
DRV5369,Lerato,Mahlangu,075-479-5202,NDK-RST
DRV5370,Lerato,Radebe,076-339-2624,NDK-RST
DRV5371,Lerato,Molefe,070-326-3418,NDK-RST
DRV5372,Kagiso,Nkosi,064-739-2689,NDK-RST
DRV5373,Kagiso,Mahlangu,071-779-5435,NDK-RST
DRV5374,Ayanda,Mokoena,074-140-8901,NDK-RST
DRV5375,Thabo,Sithole,076-476-2901,NDK-RST
DRV5376,Thabo,Mokoena,088-162-7131,NDK-RST
DRV5377,Lerato,Sithole,074-743-6982,NDK-RST
DRV5378,Naledi,Mahlangu,078-754-8470,NDK-RST
DRV5379,Sibusiso,Molefe,079-708-7801,NDK-RST
DRV5380,Mpho,Mahlangu,088-906-3072,NDK-RST
DRV5381,Mpho,Moyo,087-280-8215,NDK-RST
DRV5382,Mpho,Moyo,086-478-4342,NDK-RST
DRV5383,Karabo,Dlamini,063-766-8779,NDK-RST
DRV5384,Sibusiso,Radebe,070-207-5594,NDK-RST
DRV5385,Thandi,Dlamini,085-257-8202,NDK-RST
DRV5386,Sipho,Sithole,087-577-5779,NDK-RST
DRV5387,Thandi,Mabena,084-105-3655,NDK-RST
DRV5388,Karabo,Mahlangu,069-454-6810,NDK-RST
DRV5389,Naledi,Khumalo,079-243-2990,NDK-RST
DRV5390,Sipho,Mabena,082-550-5021,NDK-RST
DRV5391,Ayanda,Mabena,087-735-4751,NDK-RST
DRV5392,Thabo,Moyo,063-458-6932,NDK-RST
DRV5393,Sipho,Mahlangu,078-296-5590,NDK-RST
DRV5394,Ayanda,Molefe,071-615-7942,NDK-RST
DRV5395,Karabo,Moyo,087-790-5246,NDK-RST
DRV5396,Ayanda,Sithole,074-128-2757,NDK-RST
DRV5397,Thabo,Moyo,070-733-6553,NDK-RST
DRV5398,Mpho,Radebe,083-493-5861,NDK-RST
DRV5399,Lerato,Sithole,074-513-8638,NDK-RST
DRV5400,Mpho,Mokoena,066-543-5436,NDK-RST
DRV5401,Kagiso,Dlamini,084-100-8143,NDK-RST
DRV5402,Mpho,Khumalo,069-128-8326,NDK-RST
DRV5403,Kagiso,Nkosi,066-302-6141,NDK-RST
DRV5404,Thabo,Dlamini,077-734-4992,NDK-RST
DRV5405,Thabo,Mabena,084-547-9435,NDK-RST
DRV5406,Lerato,Khumalo,084-710-3210,NDK-RST
DRV5407,Lerato,Mokoena,074-271-4656,NDK-RST
DRV5408,Thandi,Mabena,070-458-1779,NDK-RST
DRV5409,Ayanda,Khumalo,083-766-2157,NDK-RST
DRV5410,Thabo,Mahlangu,064-963-4900,NDK-RST
DRV5411,Lerato,Mahlangu,084-278-9072,NDK-RST
DRV5412,Naledi,Sithole,075-224-1932,NDK-RST
DRV5413,Lerato,Moyo,078-251-7027,NDK-RST
DRV5414,Sibusiso,Radebe,068-622-8640,NDK-RST
DRV5415,Mpho,Sithole,082-474-1109,NDK-RST
DRV5416,Mpho,Radebe,081-773-6646,NDK-RST
DRV5417,Lerato,Radebe,084-855-8082,NDK-RST
DRV5418,Ayanda,Molefe,075-742-2427,NDK-RST
DRV5419,Lerato,Mabena,084-723-6048,NDK-RST
DRV5420,Mpho,Sithole,088-404-1683,NDK-NLP
DRV5421,Ayanda,Mabena,064-222-2347,NDK-NLP
DRV5422,Mpho,Mahlangu,067-977-6043,NDK-NLP
DRV5423,Sibusiso,Nkosi,078-721-3869,NDK-NLP
DRV5424,Sipho,Nkosi,062-984-2496,NDK-NLP
DRV5425,Kagiso,Radebe,063-560-1562,NDK-NLP
DRV5426,Kagiso,Moyo,087-276-1201,NDK-NLP
DRV5427,Ayanda,Mabena,084-560-9002,NDK-NLP
DRV5428,Naledi,Molefe,078-409-6354,NDK-NLP
DRV5429,Thabo,Sithole,077-777-7970,NDK-NLP
DRV5430,Thabo,Radebe,084-759-1001,NDK-NLP
DRV5431,Mpho,Mabena,088-239-4254,NDK-NLP
DRV5432,Lerato,Mabena,066-661-7356,NDK-NLP
DRV5433,Lerato,Mokoena,063-649-8018,NDK-NLP
DRV5434,Thandi,Khumalo,068-595-4546,NDK-NLP
DRV5435,Sibusiso,Mahlangu,070-700-5890,NDK-NLP
DRV5436,Naledi,Mabena,086-232-7039,NDK-NLP
DRV5437,Kagiso,Khumalo,061-906-7143,NDK-NLP
DRV5438,Ayanda,Sithole,078-978-1818,NDK-NLP
DRV5439,Sibusiso,Sithole,066-369-5980,NDK-NLP
DRV5440,Ayanda,Nkosi,072-745-4062,NDK-NLP
DRV5441,Karabo,Dlamini,065-178-3250,NDK-NLP
DRV5442,Thabo,Mahlangu,086-707-5320,NDK-NLP
DRV5443,Sipho,Khumalo,079-367-9870,NDK-NLP
DRV5444,Thabo,Mahlangu,080-604-4224,NDK-NLP
DRV5445,Sipho,Dlamini,083-314-7326,NDK-NLP
DRV5446,Thandi,Radebe,085-311-6416,NDK-NLP
DRV5447,Sipho,Dlamini,062-530-3345,NDK-NLP
DRV5448,Sipho,Mahlangu,062-218-7260,NDK-NLP
DRV5449,Ayanda,Nkosi,060-461-8913,NDK-NLP
DRV5450,Sibusiso,Nkosi,071-101-5373,NDK-NLP
DRV5451,Lerato,Dlamini,068-679-4239,NDK-NLP
DRV5452,Sipho,Dlamini,066-448-5718,NDK-NLP
DRV5453,Sipho,Moyo,073-371-5683,NDK-NLP
DRV5454,Sibusiso,Sithole,084-844-9230,NDK-NLP
DRV5455,Thandi,Khumalo,070-905-8277,NDK-NLP
DRV5456,Thabo,Sithole,087-130-1108,NDK-NLP
DRV5457,Thandi,Sithole,068-963-7901,NDK-NLP
DRV5458,Ayanda,Moyo,060-214-7733,NDK-NLP
DRV5459,Sibusiso,Nkosi,071-720-5177,NDK-NLP
DRV5460,Thandi,Radebe,062-236-9522,NDK-NLP
DRV5461,Thabo,Mokoena,064-491-4296,NDK-NLP
DRV5462,Mpho,Mabena,068-556-5855,NDK-NLP
DRV5463,Mpho,Mabena,068-670-2177,NDK-NLP
DRV5464,Sibusiso,Mokoena,075-270-6310,NDK-NLP
DRV5465,Naledi,Mokoena,079-831-5600,NDK-NLP
DRV5466,Thandi,Dlamini,083-484-2721,NDK-NLP
DRV5467,Mpho,Molefe,073-750-7477,NDK-NLP
DRV5468,Thabo,Moyo,077-952-4509,NDK-NLP
DRV5469,Lerato,Mahlangu,088-584-1751,NDK-NLP
DRV5470,Mpho,Mahlangu,073-404-5278,NDK-NLP
DRV5471,Naledi,Khumalo,064-865-9392,NDK-NLP
DRV5472,Mpho,Mabena,070-743-7706,NDK-NLP
DRV5473,Sibusiso,Dlamini,064-291-1731,NDK-NLP
DRV5474,Naledi,Khumalo,081-177-8489,NDK-NLP
DRV5475,Karabo,Molefe,088-823-9837,NDK-NLP
DRV5476,Sipho,Molefe,071-785-8463,NDK-NLP
DRV5477,Mpho,Radebe,064-530-9894,NDK-NLP
DRV5478,Lerato,Mabena,071-851-9699,NDK-NLP
DRV5479,Karabo,Khumalo,075-897-8560,NDK-NLP
